trip_id,vehicle_id,driver_code,origin_city,dest_city,departure_time,arrival_time,distance,trip_status,cargo_weight
TERA_TRIP_0001,TRUCK_046,DRV_053,Rosario,Tucumán,2025-10-11T20:37:07Z,2025-10-12T10:37:07Z,1392,cancelled,9511
TERA_TRIP_0002,TRUCK_004,DRV_031,Mar del Plata,Buenos Aires,2025-10-09T11:46:07Z,2025-10-10T07:46:07Z,1494,finished,14942
TERA_TRIP_0003,TRUCK_003,DRV_014,Salta,San Juan,2025-09-27T09:29:07Z,2025-09-27T13:29:07Z,172,cancelled,24810
TERA_TRIP_0004,TRUCK_043,DRV_025,Salta,Tucumán,2025-10-12T09:45:07Z,2025-10-13T07:45:07Z,1344,in_progress,14212
TERA_TRIP_0005,TRUCK_024,DRV_026,Córdoba,San Juan,2025-10-06T16:02:07Z,2025-10-06T23:02:07Z,1385,finished,12357
TERA_TRIP_0006,TRUCK_045,DRV_032,Tucumán,Mendoza,2025-10-03T19:50:07Z,2025-10-03T22:50:07Z,1231,finished,24539
TERA_TRIP_0007,TRUCK_049,DRV_053,Rosario,Buenos Aires,2025-09-21T14:49:07Z,2025-09-21T19:49:07Z,972,in_progress,21895
TERA_TRIP_0008,TRUCK_002,DRV_018,Rosario,La Plata,2025-10-10T14:38:07Z,2025-10-10T18:38:07Z,1223,scheduled,20824
TERA_TRIP_0009,TRUCK_031,DRV_018,Salta,Córdoba,2025-09-25T16:46:07Z,2025-09-26T04:46:07Z,333,scheduled,22975
TERA_TRIP_0010,TRUCK_014,DRV_019,Rosario,Santa Fe,2025-10-20T13:02:07Z,2025-10-21T10:02:07Z,728,finished,14482
TERA_TRIP_0011,TRUCK_031,DRV_041,Buenos Aires,Mar del Plata,2025-09-25T11:57:07Z,2025-09-25T22:57:07Z,818,in_progress,23522
TERA_TRIP_0012,TRUCK_037,DRV_037,Salta,Buenos Aires,2025-10-18T10:24:07Z,2025-10-19T02:24:07Z,428,cancelled,16550
TERA_TRIP_0013,TRUCK_034,DRV_060,Buenos Aires,Salta,2025-10-08T06:00:07Z,2025-10-08T18:00:07Z,102,finished,6985
TERA_TRIP_0014,TRUCK_039,DRV_004,Mar del Plata,Salta,2025-10-07T18:23:07Z,2025-10-08T07:23:07Z,731,finished,22080
TERA_TRIP_0015,TRUCK_003,DRV_048,La Plata,Mar del Plata,2025-10-03T05:38:07Z,2025-10-03T20:38:07Z,446,in_progress,10246
TERA_TRIP_0016,TRUCK_006,DRV_036,Mendoza,San Juan,2025-10-09T06:27:07Z,2025-10-09T11:27:07Z,1309,finished,22027
TERA_TRIP_0017,TRUCK_003,DRV_020,Córdoba,Salta,2025-10-11T08:09:07Z,2025-10-11T18:09:07Z,1023,scheduled,15357
TERA_TRIP_0018,TRUCK_012,DRV_023,Mendoza,Mar del Plata,2025-10-18T15:36:07Z,2025-10-19T06:36:07Z,588,cancelled,19968
TERA_TRIP_0019,TRUCK_023,DRV_048,Mar del Plata,San Juan,2025-09-24T07:21:07Z,2025-09-24T11:21:07Z,759,scheduled,14599
TERA_TRIP_0020,TRUCK_041,DRV_013,La Plata,San Juan,2025-10-12T02:56:07Z,2025-10-12T15:56:07Z,419,cancelled,6801
TERA_TRIP_0021,TRUCK_007,DRV_015,Tucumán,Córdoba,2025-10-06T18:25:07Z,2025-10-07T13:25:07Z,985,finished,7892
TERA_TRIP_0022,TRUCK_045,DRV_033,Córdoba,Rosario,2025-10-15T09:37:07Z,2025-10-15T11:37:07Z,1416,in_progress,5137
TERA_TRIP_0023,TRUCK_049,DRV_026,San Juan,Salta,2025-10-05T14:11:07Z,2025-10-05T19:11:07Z,358,in_progress,23884
TERA_TRIP_0024,TRUCK_039,DRV_014,Salta,Córdoba,2025-10-16T16:12:07Z,2025-10-17T07:12:07Z,1110,scheduled,16932
TERA_TRIP_0025,TRUCK_015,DRV_047,San Juan,Tucumán,2025-10-01T15:37:07Z,2025-10-02T07:37:07Z,411,cancelled,13484
TERA_TRIP_0026,TRUCK_043,DRV_042,San Juan,Rosario,2025-10-09T12:15:07Z,2025-10-09T16:15:07Z,1447,cancelled,17473
TERA_TRIP_0027,TRUCK_045,DRV_043,La Plata,Córdoba,2025-10-14T10:47:07Z,2025-10-15T09:47:07Z,537,in_progress,17205
TERA_TRIP_0028,TRUCK_050,DRV_010,Salta,Santa Fe,2025-09-27T11:44:07Z,2025-09-27T22:44:07Z,1152,scheduled,8618
TERA_TRIP_0029,TRUCK_001,DRV_049,Tucumán,Mendoza,2025-10-13T23:22:07Z,2025-10-14T06:22:07Z,1347,scheduled,5720
TERA_TRIP_0030,TRUCK_031,DRV_014,Córdoba,La Plata,2025-09-21T01:06:07Z,2025-09-21T09:06:07Z,367,scheduled,8117
TERA_TRIP_0031,TRUCK_036,DRV_005,Mar del Plata,Salta,2025-10-19T15:17:07Z,2025-10-20T15:17:07Z,192,cancelled,22125
TERA_TRIP_0032,TRUCK_035,DRV_047,Santa Fe,Salta,2025-10-12T17:32:07Z,2025-10-12T19:32:07Z,358,scheduled,17906
TERA_TRIP_0033,TRUCK_016,DRV_046,Mendoza,Rosario,2025-10-11T23:39:07Z,2025-10-12T17:39:07Z,1362,cancelled,14048
TERA_TRIP_0034,TRUCK_049,DRV_022,San Juan,Rosario,2025-10-11T15:28:07Z,2025-10-12T02:28:07Z,836,finished,5128
TERA_TRIP_0035,TRUCK_026,DRV_049,Córdoba,Salta,2025-10-01T15:20:07Z,2025-10-01T23:20:07Z,457,cancelled,23567
TERA_TRIP_0036,TRUCK_022,DRV_002,La Plata,Mendoza,2025-10-18T20:39:07Z,2025-10-19T08:39:07Z,1497,cancelled,13362
TERA_TRIP_0037,TRUCK_009,DRV_027,Córdoba,San Juan,2025-10-17T09:06:07Z,2025-10-17T17:06:07Z,685,scheduled,7361
TERA_TRIP_0038,TRUCK_002,DRV_031,Santa Fe,San Juan,2025-10-17T00:36:07Z,2025-10-17T11:36:07Z,626,in_progress,9055
TERA_TRIP_0039,TRUCK_009,DRV_010,La Plata,Buenos Aires,2025-09-29T05:54:07Z,2025-09-30T03:54:07Z,692,cancelled,18019
TERA_TRIP_0040,TRUCK_001,DRV_056,Córdoba,Rosario,2025-10-01T19:30:07Z,2025-10-01T23:30:07Z,1287,finished,12494
TERA_TRIP_0041,TRUCK_004,DRV_039,Santa Fe,La Plata,2025-10-17T01:33:07Z,2025-10-17T05:33:07Z,453,scheduled,7731
TERA_TRIP_0042,TRUCK_049,DRV_006,Santa Fe,Salta,2025-10-20T18:18:07Z,2025-10-21T18:18:07Z,1039,in_progress,12438
TERA_TRIP_0043,TRUCK_025,DRV_015,Mar del Plata,Tucumán,2025-10-17T14:31:07Z,2025-10-18T00:31:07Z,1278,in_progress,11524
TERA_TRIP_0044,TRUCK_016,DRV_055,Mendoza,Tucumán,2025-09-22T17:44:07Z,2025-09-23T11:44:07Z,707,finished,11620
TERA_TRIP_0045,TRUCK_045,DRV_022,Córdoba,San Juan,2025-10-19T20:22:07Z,2025-10-20T12:22:07Z,369,scheduled,12482
TERA_TRIP_0046,TRUCK_047,DRV_008,Mar del Plata,Córdoba,2025-10-20T16:48:07Z,2025-10-20T22:48:07Z,519,scheduled,7285
TERA_TRIP_0047,TRUCK_041,DRV_015,Mendoza,Tucumán,2025-10-20T08:38:07Z,2025-10-20T14:38:07Z,519,finished,18217
TERA_TRIP_0048,TRUCK_049,DRV_019,Buenos Aires,Rosario,2025-10-07T13:46:07Z,2025-10-08T04:46:07Z,1076,scheduled,18225
TERA_TRIP_0049,TRUCK_030,DRV_010,Mendoza,San Juan,2025-09-23T01:49:07Z,2025-09-23T05:49:07Z,1337,scheduled,22140
TERA_TRIP_0050,TRUCK_019,DRV_010,Mar del Plata,Salta,2025-10-16T09:55:07Z,2025-10-16T13:55:07Z,350,in_progress,17268
TERA_TRIP_0051,TRUCK_036,DRV_043,La Plata,Buenos Aires,2025-10-14T10:32:07Z,2025-10-15T00:32:07Z,293,cancelled,7982
TERA_TRIP_0052,TRUCK_049,DRV_051,Salta,La Plata,2025-10-13T00:51:07Z,2025-10-13T04:51:07Z,982,scheduled,16140
TERA_TRIP_0053,TRUCK_003,DRV_013,San Juan,Córdoba,2025-10-01T16:32:07Z,2025-10-02T01:32:07Z,869,scheduled,18081
TERA_TRIP_0054,TRUCK_028,DRV_012,Buenos Aires,Córdoba,2025-09-27T09:23:07Z,2025-09-27T14:23:07Z,689,in_progress,6477
TERA_TRIP_0055,TRUCK_045,DRV_028,San Juan,Córdoba,2025-09-23T16:21:07Z,2025-09-24T09:21:07Z,470,in_progress,8254
TERA_TRIP_0056,TRUCK_034,DRV_043,San Juan,Tucumán,2025-10-10T23:17:07Z,2025-10-11T03:17:07Z,420,cancelled,24729
TERA_TRIP_0057,TRUCK_002,DRV_036,Rosario,La Plata,2025-10-09T00:25:07Z,2025-10-09T04:25:07Z,468,in_progress,20822
TERA_TRIP_0058,TRUCK_033,DRV_024,San Juan,Tucumán,2025-10-18T22:57:07Z,2025-10-19T04:57:07Z,949,finished,17550
TERA_TRIP_0059,TRUCK_005,DRV_026,Buenos Aires,Santa Fe,2025-10-02T13:56:07Z,2025-10-02T19:56:07Z,751,in_progress,13277
TERA_TRIP_0060,TRUCK_007,DRV_040,Tucumán,San Juan,2025-10-14T16:11:07Z,2025-10-15T14:11:07Z,108,scheduled,24353
TERA_TRIP_0061,TRUCK_030,DRV_003,Rosario,San Juan,2025-10-13T10:49:07Z,2025-10-14T07:49:07Z,111,cancelled,8120
TERA_TRIP_0062,TRUCK_016,DRV_053,La Plata,Mendoza,2025-09-28T15:43:07Z,2025-09-28T21:43:07Z,1021,cancelled,10261
TERA_TRIP_0063,TRUCK_007,DRV_042,Santa Fe,Córdoba,2025-10-13T17:06:07Z,2025-10-14T00:06:07Z,677,scheduled,13802
TERA_TRIP_0064,TRUCK_034,DRV_005,Mendoza,Rosario,2025-10-18T02:41:07Z,2025-10-18T05:41:07Z,1094,in_progress,15354
TERA_TRIP_0065,TRUCK_045,DRV_028,Buenos Aires,Mendoza,2025-10-17T13:31:07Z,2025-10-17T23:31:07Z,1382,cancelled,11424
TERA_TRIP_0066,TRUCK_043,DRV_035,San Juan,Córdoba,2025-10-01T11:46:07Z,2025-10-02T01:46:07Z,782,in_progress,21682
TERA_TRIP_0067,TRUCK_037,DRV_003,Santa Fe,San Juan,2025-10-12T07:43:07Z,2025-10-13T04:43:07Z,704,finished,11186
TERA_TRIP_0068,TRUCK_023,DRV_041,Salta,Buenos Aires,2025-09-29T12:32:07Z,2025-09-29T22:32:07Z,404,finished,14146
TERA_TRIP_0069,TRUCK_023,DRV_001,Mendoza,San Juan,2025-10-05T11:47:07Z,2025-10-05T16:47:07Z,1252,scheduled,10183
TERA_TRIP_0070,TRUCK_048,DRV_035,Tucumán,Buenos Aires,2025-10-08T18:49:07Z,2025-10-09T10:49:07Z,885,in_progress,13688
TERA_TRIP_0071,TRUCK_028,DRV_011,Rosario,Santa Fe,2025-10-01T01:04:07Z,2025-10-01T11:04:07Z,835,in_progress,5468
TERA_TRIP_0072,TRUCK_014,DRV_059,Salta,Buenos Aires,2025-10-06T22:12:07Z,2025-10-07T05:12:07Z,1173,cancelled,21230
TERA_TRIP_0073,TRUCK_022,DRV_051,Tucumán,Mendoza,2025-09-25T16:50:07Z,2025-09-26T14:50:07Z,1356,in_progress,19825
TERA_TRIP_0074,TRUCK_033,DRV_058,Salta,Tucumán,2025-10-14T10:54:07Z,2025-10-14T21:54:07Z,1049,cancelled,11518
TERA_TRIP_0075,TRUCK_044,DRV_040,La Plata,Rosario,2025-09-30T11:29:07Z,2025-10-01T07:29:07Z,922,scheduled,7742
TERA_TRIP_0076,TRUCK_022,DRV_042,Córdoba,Mendoza,2025-09-24T18:57:07Z,2025-09-25T07:57:07Z,233,finished,7824
TERA_TRIP_0077,TRUCK_036,DRV_010,Santa Fe,Salta,2025-10-03T07:07:07Z,2025-10-03T09:07:07Z,337,cancelled,12905
TERA_TRIP_0078,TRUCK_012,DRV_010,Santa Fe,Córdoba,2025-10-02T22:12:07Z,2025-10-03T16:12:07Z,721,finished,8942
TERA_TRIP_0079,TRUCK_038,DRV_016,Córdoba,Rosario,2025-09-20T16:59:07Z,2025-09-21T14:59:07Z,1231,in_progress,5659
TERA_TRIP_0080,TRUCK_044,DRV_008,Santa Fe,Buenos Aires,2025-10-01T15:44:07Z,2025-10-02T12:44:07Z,233,in_progress,10768
TERA_TRIP_0081,TRUCK_025,DRV_004,Buenos Aires,Rosario,2025-09-26T06:38:07Z,2025-09-26T21:38:07Z,1138,cancelled,10309
TERA_TRIP_0082,TRUCK_050,DRV_004,Mar del Plata,La Plata,2025-10-18T19:05:07Z,2025-10-19T02:05:07Z,1394,finished,17210
TERA_TRIP_0083,TRUCK_044,DRV_040,Mendoza,Rosario,2025-09-29T06:36:07Z,2025-09-30T01:36:07Z,215,cancelled,22153
TERA_TRIP_0084,TRUCK_048,DRV_059,Mar del Plata,Mendoza,2025-09-25T18:19:07Z,2025-09-25T21:19:07Z,1414,scheduled,20026
TERA_TRIP_0085,TRUCK_045,DRV_025,Tucumán,La Plata,2025-10-01T19:35:07Z,2025-10-02T11:35:07Z,635,finished,16909
TERA_TRIP_0086,TRUCK_037,DRV_025,Salta,San Juan,2025-09-22T09:48:07Z,2025-09-22T20:48:07Z,862,scheduled,20253
TERA_TRIP_0087,TRUCK_009,DRV_011,La Plata,Tucumán,2025-10-16T11:11:07Z,2025-10-17T08:11:07Z,1233,finished,18135
TERA_TRIP_0088,TRUCK_035,DRV_030,Tucumán,Rosario,2025-09-21T08:10:07Z,2025-09-21T14:10:07Z,806,scheduled,7104
TERA_TRIP_0089,TRUCK_014,DRV_001,Buenos Aires,La Plata,2025-10-15T22:37:07Z,2025-10-16T00:37:07Z,960,in_progress,9405
TERA_TRIP_0090,TRUCK_026,DRV_023,Mar del Plata,La Plata,2025-10-06T23:38:07Z,2025-10-07T11:38:07Z,1369,scheduled,24464
TERA_TRIP_0091,TRUCK_036,DRV_037,Rosario,Santa Fe,2025-09-21T02:57:07Z,2025-09-21T10:57:07Z,435,scheduled,7168
TERA_TRIP_0092,TRUCK_040,DRV_005,Santa Fe,Tucumán,2025-10-06T06:44:07Z,2025-10-06T18:44:07Z,1291,in_progress,9108
TERA_TRIP_0093,TRUCK_031,DRV_012,Salta,La Plata,2025-10-03T12:04:07Z,2025-10-04T03:04:07Z,957,finished,8991
TERA_TRIP_0094,TRUCK_032,DRV_037,Mendoza,La Plata,2025-09-20T22:38:07Z,2025-09-21T04:38:07Z,762,scheduled,13082
TERA_TRIP_0095,TRUCK_038,DRV_032,Salta,San Juan,2025-10-18T20:00:07Z,2025-10-19T12:00:07Z,1021,scheduled,16036
TERA_TRIP_0096,TRUCK_028,DRV_002,La Plata,Santa Fe,2025-10-18T21:01:07Z,2025-10-19T10:01:07Z,230,in_progress,6887
TERA_TRIP_0097,TRUCK_042,DRV_016,Córdoba,San Juan,2025-10-09T09:11:07Z,2025-10-09T19:11:07Z,734,in_progress,11114
TERA_TRIP_0098,TRUCK_028,DRV_013,San Juan,Tucumán,2025-09-28T02:12:07Z,2025-09-29T02:12:07Z,130,scheduled,20634
TERA_TRIP_0099,TRUCK_031,DRV_007,Mendoza,Buenos Aires,2025-09-29T22:42:07Z,2025-09-30T07:42:07Z,910,scheduled,20734
TERA_TRIP_0100,TRUCK_027,DRV_035,Santa Fe,Mendoza,2025-09-21T12:01:07Z,2025-09-22T11:01:07Z,342,cancelled,21930
TERA_TRIP_0101,TRUCK_019,DRV_038,Rosario,La Plata,2025-10-20T17:25:07Z,2025-10-21T01:25:07Z,180,finished,22906
TERA_TRIP_0102,TRUCK_018,DRV_008,Santa Fe,Córdoba,2025-09-25T16:25:07Z,2025-09-26T05:25:07Z,610,in_progress,6752
TERA_TRIP_0103,TRUCK_030,DRV_005,Mar del Plata,Tucumán,2025-09-27T11:45:07Z,2025-09-28T06:45:07Z,1243,in_progress,8026
TERA_TRIP_0104,TRUCK_003,DRV_036,La Plata,Rosario,2025-10-19T01:36:07Z,2025-10-20T01:36:07Z,412,scheduled,24166
TERA_TRIP_0105,TRUCK_014,DRV_003,Buenos Aires,Tucumán,2025-10-18T11:49:07Z,2025-10-18T19:49:07Z,1050,finished,24015
TERA_TRIP_0106,TRUCK_037,DRV_025,Salta,Córdoba,2025-10-21T13:12:07Z,2025-10-21T20:12:07Z,964,scheduled,5607
TERA_TRIP_0107,TRUCK_014,DRV_007,Córdoba,Mendoza,2025-10-04T04:05:07Z,2025-10-04T19:05:07Z,1457,cancelled,5752
TERA_TRIP_0108,TRUCK_015,DRV_022,Santa Fe,La Plata,2025-10-16T07:05:07Z,2025-10-16T22:05:07Z,385,in_progress,19237
TERA_TRIP_0109,TRUCK_016,DRV_040,Buenos Aires,Córdoba,2025-09-29T04:11:07Z,2025-09-30T03:11:07Z,326,finished,9306
TERA_TRIP_0110,TRUCK_043,DRV_021,Salta,Buenos Aires,2025-10-12T22:32:07Z,2025-10-13T19:32:07Z,562,finished,10540
TERA_TRIP_0111,TRUCK_013,DRV_030,Salta,Mar del Plata,2025-10-01T10:54:07Z,2025-10-01T17:54:07Z,1239,cancelled,6292
TERA_TRIP_0112,TRUCK_014,DRV_034,Buenos Aires,Salta,2025-10-10T19:52:07Z,2025-10-11T04:52:07Z,1097,in_progress,19744
TERA_TRIP_0113,TRUCK_006,DRV_019,Salta,Santa Fe,2025-10-14T02:23:07Z,2025-10-15T02:23:07Z,145,finished,12348
TERA_TRIP_0114,TRUCK_039,DRV_046,Córdoba,La Plata,2025-10-08T04:51:07Z,2025-10-08T15:51:07Z,662,finished,8039
TERA_TRIP_0115,TRUCK_036,DRV_013,Mendoza,Córdoba,2025-09-25T00:00:07Z,2025-09-25T10:00:07Z,400,finished,18877
TERA_TRIP_0116,TRUCK_002,DRV_010,La Plata,Mendoza,2025-10-16T18:43:07Z,2025-10-17T06:43:07Z,706,finished,19954
TERA_TRIP_0117,TRUCK_028,DRV_047,Mar del Plata,San Juan,2025-09-27T14:52:07Z,2025-09-27T23:52:07Z,1362,in_progress,13735
TERA_TRIP_0118,TRUCK_029,DRV_008,La Plata,Buenos Aires,2025-09-26T05:03:07Z,2025-09-26T21:03:07Z,157,finished,23897
TERA_TRIP_0119,TRUCK_043,DRV_038,Salta,Mendoza,2025-10-03T09:08:07Z,2025-10-04T09:08:07Z,986,in_progress,5539
TERA_TRIP_0120,TRUCK_019,DRV_050,Córdoba,Mendoza,2025-09-30T04:14:07Z,2025-09-30T09:14:07Z,858,cancelled,7836
TERA_TRIP_0121,TRUCK_037,DRV_056,Salta,Buenos Aires,2025-09-25T14:50:07Z,2025-09-26T01:50:07Z,628,scheduled,6377
TERA_TRIP_0122,TRUCK_013,DRV_029,San Juan,Córdoba,2025-09-24T09:45:07Z,2025-09-25T05:45:07Z,239,finished,16407
TERA_TRIP_0123,TRUCK_027,DRV_053,Santa Fe,La Plata,2025-10-10T08:44:07Z,2025-10-11T02:44:07Z,216,in_progress,21061
TERA_TRIP_0124,TRUCK_042,DRV_006,San Juan,Córdoba,2025-09-21T19:06:07Z,2025-09-22T05:06:07Z,330,in_progress,19287
TERA_TRIP_0125,TRUCK_049,DRV_046,Rosario,La Plata,2025-10-18T17:39:07Z,2025-10-19T01:39:07Z,815,finished,10777
TERA_TRIP_0126,TRUCK_043,DRV_055,Tucumán,Santa Fe,2025-09-23T02:02:07Z,2025-09-24T02:02:07Z,785,finished,6705
TERA_TRIP_0127,TRUCK_006,DRV_054,Córdoba,Buenos Aires,2025-10-20T14:22:07Z,2025-10-20T21:22:07Z,1198,finished,20909
TERA_TRIP_0128,TRUCK_030,DRV_007,Mar del Plata,Salta,2025-09-27T02:40:07Z,2025-09-27T05:40:07Z,1133,cancelled,24796
TERA_TRIP_0129,TRUCK_019,DRV_006,Santa Fe,Buenos Aires,2025-10-09T19:07:07Z,2025-10-10T13:07:07Z,1067,scheduled,14080
TERA_TRIP_0130,TRUCK_027,DRV_043,Mar del Plata,Tucumán,2025-10-11T08:06:07Z,2025-10-11T13:06:07Z,1500,in_progress,17283
TERA_TRIP_0131,TRUCK_012,DRV_022,Salta,Mar del Plata,2025-09-22T01:35:07Z,2025-09-22T12:35:07Z,1169,cancelled,23874
TERA_TRIP_0132,TRUCK_035,DRV_013,Mendoza,Mar del Plata,2025-10-03T22:09:07Z,2025-10-04T13:09:07Z,597,finished,22797
TERA_TRIP_0133,TRUCK_006,DRV_030,Tucumán,Santa Fe,2025-10-19T19:37:07Z,2025-10-20T18:37:07Z,282,cancelled,24116
TERA_TRIP_0134,TRUCK_025,DRV_018,San Juan,Salta,2025-09-26T06:08:07Z,2025-09-26T11:08:07Z,243,scheduled,16854
TERA_TRIP_0135,TRUCK_024,DRV_060,Córdoba,La Plata,2025-09-28T08:45:07Z,2025-09-28T21:45:07Z,920,in_progress,19484
TERA_TRIP_0136,TRUCK_024,DRV_024,Mendoza,Mar del Plata,2025-10-04T15:24:07Z,2025-10-04T21:24:07Z,1183,cancelled,14806
TERA_TRIP_0137,TRUCK_038,DRV_052,Santa Fe,Tucumán,2025-10-19T10:39:07Z,2025-10-19T22:39:07Z,1331,cancelled,24152
TERA_TRIP_0138,TRUCK_046,DRV_058,Salta,Buenos Aires,2025-10-18T22:47:07Z,2025-10-19T11:47:07Z,694,cancelled,18577
TERA_TRIP_0139,TRUCK_021,DRV_049,Santa Fe,Rosario,2025-10-12T08:04:07Z,2025-10-13T07:04:07Z,1221,in_progress,14617
TERA_TRIP_0140,TRUCK_050,DRV_031,Santa Fe,Mar del Plata,2025-10-12T09:52:07Z,2025-10-12T18:52:07Z,376,finished,24463
TERA_TRIP_0141,TRUCK_010,DRV_027,Rosario,Mendoza,2025-10-02T19:10:07Z,2025-10-03T03:10:07Z,432,finished,19238
TERA_TRIP_0142,TRUCK_023,DRV_058,Mendoza,Córdoba,2025-10-07T08:49:07Z,2025-10-07T11:49:07Z,794,scheduled,11991
TERA_TRIP_0143,TRUCK_042,DRV_033,San Juan,Córdoba,2025-09-22T17:16:07Z,2025-09-22T19:16:07Z,480,scheduled,20740
TERA_TRIP_0144,TRUCK_031,DRV_008,Tucumán,La Plata,2025-10-14T18:58:07Z,2025-10-15T13:58:07Z,498,in_progress,6480
TERA_TRIP_0145,TRUCK_009,DRV_028,Tucumán,Córdoba,2025-10-16T21:31:07Z,2025-10-17T00:31:07Z,1134,cancelled,11422
TERA_TRIP_0146,TRUCK_035,DRV_023,Rosario,Santa Fe,2025-09-28T23:12:07Z,2025-09-29T09:12:07Z,283,scheduled,24714
TERA_TRIP_0147,TRUCK_021,DRV_031,Buenos Aires,Córdoba,2025-10-01T09:32:07Z,2025-10-02T01:32:07Z,1010,cancelled,10835
TERA_TRIP_0148,TRUCK_008,DRV_054,San Juan,Córdoba,2025-10-08T23:27:07Z,2025-10-09T03:27:07Z,1064,in_progress,12260
TERA_TRIP_0149,TRUCK_031,DRV_040,Tucumán,Buenos Aires,2025-09-23T13:34:07Z,2025-09-23T22:34:07Z,721,scheduled,18537
TERA_TRIP_0150,TRUCK_032,DRV_003,Rosario,Santa Fe,2025-09-21T22:39:07Z,2025-09-22T03:39:07Z,1264,cancelled,17917
TERA_TRIP_0151,TRUCK_021,DRV_009,San Juan,Tucumán,2025-10-08T22:59:07Z,2025-10-09T00:59:07Z,622,scheduled,16651
TERA_TRIP_0152,TRUCK_017,DRV_040,Mendoza,San Juan,2025-10-03T19:03:07Z,2025-10-04T19:03:07Z,539,finished,12652
TERA_TRIP_0153,TRUCK_020,DRV_012,Córdoba,Mar del Plata,2025-09-29T01:56:07Z,2025-09-29T16:56:07Z,1364,scheduled,13927
TERA_TRIP_0154,TRUCK_009,DRV_032,Mar del Plata,Córdoba,2025-10-02T12:07:07Z,2025-10-02T18:07:07Z,1139,in_progress,18892
TERA_TRIP_0155,TRUCK_021,DRV_035,Tucumán,Mendoza,2025-10-03T16:46:07Z,2025-10-04T11:46:07Z,883,scheduled,9783
TERA_TRIP_0156,TRUCK_041,DRV_053,San Juan,La Plata,2025-09-24T06:21:07Z,2025-09-24T17:21:07Z,1311,cancelled,20709
TERA_TRIP_0157,TRUCK_040,DRV_037,Santa Fe,Rosario,2025-09-30T20:24:07Z,2025-10-01T13:24:07Z,880,scheduled,5969
TERA_TRIP_0158,TRUCK_019,DRV_040,Rosario,Tucumán,2025-10-13T01:41:07Z,2025-10-13T21:41:07Z,192,in_progress,11345
TERA_TRIP_0159,TRUCK_050,DRV_025,Santa Fe,Rosario,2025-10-20T13:45:07Z,2025-10-21T06:45:07Z,1251,scheduled,13053
TERA_TRIP_0160,TRUCK_023,DRV_044,Rosario,Mendoza,2025-09-28T20:22:07Z,2025-09-29T18:22:07Z,390,finished,6877
TERA_TRIP_0161,TRUCK_005,DRV_005,Mar del Plata,Santa Fe,2025-10-14T14:42:07Z,2025-10-15T07:42:07Z,963,finished,19684
TERA_TRIP_0162,TRUCK_027,DRV_014,Tucumán,Buenos Aires,2025-10-06T22:26:07Z,2025-10-07T11:26:07Z,1266,finished,12898
TERA_TRIP_0163,TRUCK_001,DRV_036,Mendoza,Tucumán,2025-09-30T07:40:07Z,2025-09-30T18:40:07Z,698,finished,16789
TERA_TRIP_0164,TRUCK_009,DRV_013,Tucumán,Mar del Plata,2025-09-25T13:52:07Z,2025-09-26T12:52:07Z,927,cancelled,11555
TERA_TRIP_0165,TRUCK_008,DRV_051,Santa Fe,Córdoba,2025-10-17T06:57:07Z,2025-10-17T11:57:07Z,808,cancelled,17152
TERA_TRIP_0166,TRUCK_013,DRV_028,La Plata,Córdoba,2025-10-07T21:03:07Z,2025-10-08T00:03:07Z,398,in_progress,19092
TERA_TRIP_0167,TRUCK_042,DRV_059,Rosario,Córdoba,2025-10-06T12:42:07Z,2025-10-06T17:42:07Z,163,scheduled,23965
TERA_TRIP_0168,TRUCK_038,DRV_039,Rosario,Mendoza,2025-10-05T23:14:07Z,2025-10-06T10:14:07Z,657,in_progress,23219
TERA_TRIP_0169,TRUCK_024,DRV_036,Tucumán,Santa Fe,2025-09-22T08:17:07Z,2025-09-23T04:17:07Z,1169,in_progress,20531
TERA_TRIP_0170,TRUCK_042,DRV_051,San Juan,Buenos Aires,2025-10-20T11:05:07Z,2025-10-21T02:05:07Z,459,scheduled,6459
TERA_TRIP_0171,TRUCK_020,DRV_054,Mar del Plata,Rosario,2025-10-03T23:28:07Z,2025-10-04T15:28:07Z,1036,scheduled,6832
TERA_TRIP_0172,TRUCK_032,DRV_049,Tucumán,Rosario,2025-10-10T15:08:07Z,2025-10-10T18:08:07Z,1117,in_progress,24934
TERA_TRIP_0173,TRUCK_035,DRV_010,Córdoba,Buenos Aires,2025-10-12T12:40:07Z,2025-10-13T03:40:07Z,1467,in_progress,17293
TERA_TRIP_0174,TRUCK_022,DRV_049,Santa Fe,La Plata,2025-10-09T02:34:07Z,2025-10-09T06:34:07Z,993,finished,8112
TERA_TRIP_0175,TRUCK_007,DRV_056,Tucumán,Santa Fe,2025-10-04T13:17:07Z,2025-10-04T18:17:07Z,497,scheduled,24845
TERA_TRIP_0176,TRUCK_009,DRV_037,Mendoza,La Plata,2025-10-09T14:20:07Z,2025-10-10T08:20:07Z,1253,cancelled,13640
TERA_TRIP_0177,TRUCK_016,DRV_028,Córdoba,Mendoza,2025-09-24T06:36:07Z,2025-09-24T18:36:07Z,1094,finished,17453
TERA_TRIP_0178,TRUCK_016,DRV_017,San Juan,La Plata,2025-09-21T08:13:07Z,2025-09-21T12:13:07Z,383,scheduled,15104
TERA_TRIP_0179,TRUCK_023,DRV_032,Buenos Aires,Mar del Plata,2025-10-02T09:13:07Z,2025-10-03T02:13:07Z,768,scheduled,21107
TERA_TRIP_0180,TRUCK_006,DRV_032,Mendoza,Córdoba,2025-09-22T11:41:07Z,2025-09-22T15:41:07Z,720,cancelled,10372
TERA_TRIP_0181,TRUCK_026,DRV_053,San Juan,La Plata,2025-10-18T21:11:07Z,2025-10-19T19:11:07Z,187,finished,19001
TERA_TRIP_0182,TRUCK_050,DRV_028,Buenos Aires,Santa Fe,2025-10-11T08:52:07Z,2025-10-11T22:52:07Z,1256,cancelled,6847
TERA_TRIP_0183,TRUCK_005,DRV_007,Santa Fe,Córdoba,2025-10-19T05:53:07Z,2025-10-19T19:53:07Z,1362,finished,23123
TERA_TRIP_0184,TRUCK_026,DRV_022,La Plata,Rosario,2025-09-24T08:47:07Z,2025-09-24T21:47:07Z,1186,cancelled,11495
TERA_TRIP_0185,TRUCK_001,DRV_030,Tucumán,Salta,2025-09-28T23:53:07Z,2025-09-29T20:53:07Z,1208,in_progress,16818
TERA_TRIP_0186,TRUCK_024,DRV_032,Santa Fe,Buenos Aires,2025-10-03T22:18:07Z,2025-10-04T07:18:07Z,1058,finished,21461
TERA_TRIP_0187,TRUCK_001,DRV_033,Mar del Plata,Buenos Aires,2025-09-25T00:19:07Z,2025-09-25T04:19:07Z,1015,cancelled,24380
TERA_TRIP_0188,TRUCK_006,DRV_015,Mar del Plata,Buenos Aires,2025-10-07T21:44:07Z,2025-10-08T00:44:07Z,741,cancelled,9877
TERA_TRIP_0189,TRUCK_044,DRV_028,Córdoba,Salta,2025-10-09T20:02:07Z,2025-10-10T01:02:07Z,325,scheduled,18575
TERA_TRIP_0190,TRUCK_033,DRV_051,San Juan,Buenos Aires,2025-10-18T18:28:07Z,2025-10-19T14:28:07Z,1296,finished,24946
TERA_TRIP_0191,TRUCK_034,DRV_050,Córdoba,La Plata,2025-10-20T09:06:07Z,2025-10-20T22:06:07Z,906,finished,11611
TERA_TRIP_0192,TRUCK_028,DRV_041,Salta,San Juan,2025-10-09T14:45:07Z,2025-10-09T20:45:07Z,952,cancelled,19857
TERA_TRIP_0193,TRUCK_004,DRV_033,Rosario,Salta,2025-10-06T07:05:07Z,2025-10-06T16:05:07Z,115,cancelled,18592
TERA_TRIP_0194,TRUCK_030,DRV_011,La Plata,Tucumán,2025-10-04T10:26:07Z,2025-10-05T03:26:07Z,1425,in_progress,7669
TERA_TRIP_0195,TRUCK_002,DRV_043,Buenos Aires,Tucumán,2025-10-08T00:15:07Z,2025-10-08T18:15:07Z,749,finished,19951
TERA_TRIP_0196,TRUCK_048,DRV_060,Santa Fe,Rosario,2025-10-19T08:27:07Z,2025-10-20T02:27:07Z,1475,finished,9569
TERA_TRIP_0197,TRUCK_040,DRV_009,Salta,Buenos Aires,2025-10-19T23:16:07Z,2025-10-20T08:16:07Z,466,in_progress,14012
TERA_TRIP_0198,TRUCK_007,DRV_017,Tucumán,Mendoza,2025-09-24T14:37:07Z,2025-09-25T05:37:07Z,600,scheduled,21611
TERA_TRIP_0199,TRUCK_018,DRV_059,Tucumán,Mendoza,2025-09-21T22:20:07Z,2025-09-22T16:20:07Z,269,finished,9758
TERA_TRIP_0200,TRUCK_034,DRV_021,Rosario,La Plata,2025-09-25T06:22:07Z,2025-09-25T15:22:07Z,228,scheduled,10374
TERA_TRIP_0201,TRUCK_003,DRV_027,Córdoba,Tucumán,2025-09-27T21:28:07Z,2025-09-28T20:28:07Z,1068,cancelled,5490
TERA_TRIP_0202,TRUCK_031,DRV_038,Córdoba,Rosario,2025-09-22T21:43:07Z,2025-09-23T00:43:07Z,861,cancelled,7769
TERA_TRIP_0203,TRUCK_034,DRV_031,Santa Fe,Mendoza,2025-10-09T13:19:07Z,2025-10-10T06:19:07Z,549,in_progress,21503
TERA_TRIP_0204,TRUCK_044,DRV_024,Tucumán,Mar del Plata,2025-10-12T07:24:07Z,2025-10-12T13:24:07Z,902,in_progress,18198
TERA_TRIP_0205,TRUCK_012,DRV_029,Tucumán,Buenos Aires,2025-09-30T06:06:07Z,2025-09-30T15:06:07Z,246,in_progress,9447
TERA_TRIP_0206,TRUCK_017,DRV_043,Buenos Aires,San Juan,2025-09-28T09:57:07Z,2025-09-28T19:57:07Z,1057,scheduled,10391
TERA_TRIP_0207,TRUCK_035,DRV_020,Rosario,Tucumán,2025-10-05T18:53:07Z,2025-10-05T20:53:07Z,534,in_progress,20208
TERA_TRIP_0208,TRUCK_025,DRV_040,Mendoza,Mar del Plata,2025-10-11T12:58:07Z,2025-10-12T07:58:07Z,125,finished,20248
TERA_TRIP_0209,TRUCK_020,DRV_016,Córdoba,Buenos Aires,2025-10-18T10:02:07Z,2025-10-18T18:02:07Z,1347,in_progress,5686
TERA_TRIP_0210,TRUCK_004,DRV_020,San Juan,Santa Fe,2025-10-06T20:09:07Z,2025-10-07T17:09:07Z,657,scheduled,9373
TERA_TRIP_0211,TRUCK_042,DRV_032,La Plata,Buenos Aires,2025-10-17T13:20:07Z,2025-10-17T19:20:07Z,1195,in_progress,13083
TERA_TRIP_0212,TRUCK_039,DRV_035,Buenos Aires,San Juan,2025-09-28T12:55:07Z,2025-09-28T15:55:07Z,456,finished,22354
TERA_TRIP_0213,TRUCK_008,DRV_045,La Plata,San Juan,2025-10-19T14:41:07Z,2025-10-20T06:41:07Z,104,cancelled,6968
TERA_TRIP_0214,TRUCK_020,DRV_054,Buenos Aires,Salta,2025-10-13T08:59:07Z,2025-10-13T20:59:07Z,886,cancelled,11359
TERA_TRIP_0215,TRUCK_040,DRV_056,Córdoba,Salta,2025-10-04T20:29:07Z,2025-10-05T13:29:07Z,289,in_progress,9178
TERA_TRIP_0216,TRUCK_003,DRV_003,Córdoba,Buenos Aires,2025-09-23T21:03:07Z,2025-09-24T07:03:07Z,1059,finished,13834
TERA_TRIP_0217,TRUCK_043,DRV_029,Buenos Aires,Mendoza,2025-10-10T17:56:07Z,2025-10-11T11:56:07Z,1073,scheduled,14888
TERA_TRIP_0218,TRUCK_011,DRV_041,Salta,Mendoza,2025-10-21T07:45:07Z,2025-10-22T05:45:07Z,331,cancelled,6940
TERA_TRIP_0219,TRUCK_023,DRV_059,La Plata,Rosario,2025-10-09T00:06:07Z,2025-10-09T16:06:07Z,164,finished,5591
TERA_TRIP_0220,TRUCK_049,DRV_001,Tucumán,La Plata,2025-09-24T22:31:07Z,2025-09-25T16:31:07Z,1043,scheduled,21341
TERA_TRIP_0221,TRUCK_011,DRV_024,Rosario,San Juan,2025-09-23T07:40:07Z,2025-09-24T00:40:07Z,987,cancelled,7791
TERA_TRIP_0222,TRUCK_004,DRV_019,Buenos Aires,Córdoba,2025-09-27T12:24:07Z,2025-09-28T03:24:07Z,345,finished,19759
TERA_TRIP_0223,TRUCK_007,DRV_060,Mendoza,Santa Fe,2025-10-09T22:21:07Z,2025-10-10T06:21:07Z,178,scheduled,14988
TERA_TRIP_0224,TRUCK_019,DRV_037,Tucumán,Santa Fe,2025-09-27T09:22:07Z,2025-09-27T22:22:07Z,1500,cancelled,22686
TERA_TRIP_0225,TRUCK_036,DRV_028,Tucumán,Mar del Plata,2025-09-29T05:02:07Z,2025-09-30T04:02:07Z,856,in_progress,21539
TERA_TRIP_0226,TRUCK_024,DRV_023,Mar del Plata,Buenos Aires,2025-09-22T21:12:07Z,2025-09-23T00:12:07Z,790,cancelled,9215
TERA_TRIP_0227,TRUCK_032,DRV_015,Salta,Mendoza,2025-10-09T01:40:07Z,2025-10-09T19:40:07Z,485,scheduled,18413
TERA_TRIP_0228,TRUCK_044,DRV_020,Salta,San Juan,2025-10-03T13:48:07Z,2025-10-04T12:48:07Z,561,in_progress,14547
TERA_TRIP_0229,TRUCK_021,DRV_021,Rosario,Salta,2025-10-13T16:17:07Z,2025-10-14T07:17:07Z,629,in_progress,18004
TERA_TRIP_0230,TRUCK_001,DRV_034,Mendoza,Córdoba,2025-10-07T22:05:07Z,2025-10-08T15:05:07Z,882,cancelled,10541
TERA_TRIP_0231,TRUCK_037,DRV_026,Mendoza,Santa Fe,2025-10-10T17:37:07Z,2025-10-10T21:37:07Z,1184,finished,17134
TERA_TRIP_0232,TRUCK_037,DRV_037,San Juan,La Plata,2025-10-04T04:57:07Z,2025-10-04T23:57:07Z,936,finished,8217
TERA_TRIP_0233,TRUCK_046,DRV_027,San Juan,Rosario,2025-10-06T22:14:07Z,2025-10-07T09:14:07Z,1453,finished,19315
TERA_TRIP_0234,TRUCK_004,DRV_031,San Juan,Mar del Plata,2025-10-16T18:23:07Z,2025-10-17T00:23:07Z,757,in_progress,8448
TERA_TRIP_0235,TRUCK_018,DRV_021,Santa Fe,Mendoza,2025-10-02T14:15:07Z,2025-10-03T14:15:07Z,296,scheduled,20258
TERA_TRIP_0236,TRUCK_018,DRV_054,Santa Fe,Rosario,2025-09-26T06:54:07Z,2025-09-26T08:54:07Z,1234,scheduled,6468
TERA_TRIP_0237,TRUCK_013,DRV_057,Buenos Aires,Tucumán,2025-09-23T03:08:07Z,2025-09-24T01:08:07Z,501,cancelled,10061
TERA_TRIP_0238,TRUCK_020,DRV_001,Rosario,Salta,2025-09-30T14:45:07Z,2025-10-01T11:45:07Z,208,cancelled,8061
TERA_TRIP_0239,TRUCK_033,DRV_024,Santa Fe,Mendoza,2025-10-05T17:11:07Z,2025-10-06T15:11:07Z,183,scheduled,11952
TERA_TRIP_0240,TRUCK_041,DRV_037,Santa Fe,San Juan,2025-09-28T15:13:07Z,2025-09-28T17:13:07Z,1432,finished,7387
TERA_TRIP_0241,TRUCK_050,DRV_003,Rosario,La Plata,2025-10-05T18:15:07Z,2025-10-06T05:15:07Z,1499,scheduled,12338
TERA_TRIP_0242,TRUCK_020,DRV_013,Mendoza,Córdoba,2025-09-22T12:37:07Z,2025-09-22T16:37:07Z,904,cancelled,6134
TERA_TRIP_0243,TRUCK_002,DRV_008,Tucumán,Buenos Aires,2025-09-26T15:15:07Z,2025-09-27T10:15:07Z,1225,scheduled,18329
TERA_TRIP_0244,TRUCK_014,DRV_024,Buenos Aires,Santa Fe,2025-10-16T04:57:07Z,2025-10-16T17:57:07Z,982,cancelled,10659
TERA_TRIP_0245,TRUCK_004,DRV_028,La Plata,Rosario,2025-10-20T05:44:07Z,2025-10-20T15:44:07Z,378,in_progress,21118
TERA_TRIP_0246,TRUCK_001,DRV_055,La Plata,Buenos Aires,2025-10-14T02:56:07Z,2025-10-15T00:56:07Z,582,scheduled,16660
TERA_TRIP_0247,TRUCK_010,DRV_014,Rosario,San Juan,2025-10-01T02:23:07Z,2025-10-01T04:23:07Z,681,in_progress,24672
TERA_TRIP_0248,TRUCK_004,DRV_048,Mendoza,Buenos Aires,2025-09-21T18:34:07Z,2025-09-22T01:34:07Z,1475,scheduled,22657
TERA_TRIP_0249,TRUCK_014,DRV_005,Mar del Plata,La Plata,2025-09-20T21:27:07Z,2025-09-21T17:27:07Z,258,in_progress,12518
TERA_TRIP_0250,TRUCK_009,DRV_057,Mendoza,Tucumán,2025-09-22T10:28:07Z,2025-09-22T14:28:07Z,523,cancelled,15797
TERA_TRIP_0251,TRUCK_013,DRV_044,Mendoza,Tucumán,2025-09-26T16:48:07Z,2025-09-26T18:48:07Z,780,cancelled,16693
TERA_TRIP_0252,TRUCK_017,DRV_039,Tucumán,Buenos Aires,2025-10-05T13:03:07Z,2025-10-06T02:03:07Z,881,finished,23622
TERA_TRIP_0253,TRUCK_028,DRV_024,Santa Fe,Buenos Aires,2025-09-25T07:50:07Z,2025-09-25T18:50:07Z,155,in_progress,16443
TERA_TRIP_0254,TRUCK_002,DRV_029,Rosario,Mar del Plata,2025-10-07T07:50:07Z,2025-10-08T03:50:07Z,1316,scheduled,17539
TERA_TRIP_0255,TRUCK_048,DRV_021,Buenos Aires,Tucumán,2025-09-22T00:43:07Z,2025-09-22T20:43:07Z,1120,in_progress,6356
TERA_TRIP_0256,TRUCK_029,DRV_014,Santa Fe,Rosario,2025-10-01T18:28:07Z,2025-10-02T14:28:07Z,1390,in_progress,18554
TERA_TRIP_0257,TRUCK_031,DRV_018,Buenos Aires,Mar del Plata,2025-10-05T03:52:07Z,2025-10-05T10:52:07Z,792,in_progress,11849
TERA_TRIP_0258,TRUCK_018,DRV_024,Salta,La Plata,2025-10-20T14:14:07Z,2025-10-20T17:14:07Z,1263,cancelled,7126
TERA_TRIP_0259,TRUCK_042,DRV_057,San Juan,Buenos Aires,2025-10-03T00:26:07Z,2025-10-03T21:26:07Z,1338,finished,14146
TERA_TRIP_0260,TRUCK_016,DRV_001,Mar del Plata,Buenos Aires,2025-09-25T05:12:07Z,2025-09-25T14:12:07Z,375,finished,13868
TERA_TRIP_0261,TRUCK_047,DRV_019,Mendoza,Salta,2025-10-01T13:57:07Z,2025-10-01T16:57:07Z,811,scheduled,14455
TERA_TRIP_0262,TRUCK_031,DRV_029,Rosario,La Plata,2025-09-29T20:36:07Z,2025-09-30T03:36:07Z,297,cancelled,16936
TERA_TRIP_0263,TRUCK_027,DRV_003,Salta,San Juan,2025-09-24T15:18:07Z,2025-09-25T14:18:07Z,579,scheduled,10816
TERA_TRIP_0264,TRUCK_022,DRV_045,Córdoba,La Plata,2025-10-10T18:37:07Z,2025-10-11T11:37:07Z,1053,finished,12068
TERA_TRIP_0265,TRUCK_024,DRV_057,Córdoba,Tucumán,2025-09-28T03:13:07Z,2025-09-29T03:13:07Z,109,in_progress,14772
TERA_TRIP_0266,TRUCK_048,DRV_017,Salta,San Juan,2025-09-29T09:15:07Z,2025-09-30T01:15:07Z,158,finished,23152
TERA_TRIP_0267,TRUCK_028,DRV_049,La Plata,Santa Fe,2025-09-24T01:21:07Z,2025-09-25T01:21:07Z,373,finished,23866
TERA_TRIP_0268,TRUCK_014,DRV_007,Mendoza,San Juan,2025-10-02T03:15:07Z,2025-10-02T11:15:07Z,1245,cancelled,11952
TERA_TRIP_0269,TRUCK_044,DRV_001,La Plata,Mar del Plata,2025-09-24T01:16:07Z,2025-09-24T04:16:07Z,627,in_progress,15720
TERA_TRIP_0270,TRUCK_010,DRV_050,Buenos Aires,La Plata,2025-10-13T12:30:07Z,2025-10-14T03:30:07Z,138,finished,13543
TERA_TRIP_0271,TRUCK_032,DRV_039,La Plata,Tucumán,2025-10-14T07:54:07Z,2025-10-14T11:54:07Z,1396,finished,19298
TERA_TRIP_0272,TRUCK_037,DRV_054,Santa Fe,Mendoza,2025-09-27T04:36:07Z,2025-09-27T17:36:07Z,468,finished,5871
TERA_TRIP_0273,TRUCK_026,DRV_038,Tucumán,Santa Fe,2025-10-21T13:18:07Z,2025-10-21T16:18:07Z,1423,finished,17389
TERA_TRIP_0274,TRUCK_002,DRV_014,La Plata,Buenos Aires,2025-10-10T16:19:07Z,2025-10-11T12:19:07Z,665,cancelled,12026
TERA_TRIP_0275,TRUCK_032,DRV_016,Mar del Plata,La Plata,2025-10-09T05:03:07Z,2025-10-10T05:03:07Z,1113,scheduled,9770
TERA_TRIP_0276,TRUCK_021,DRV_036,Córdoba,Buenos Aires,2025-10-05T23:05:07Z,2025-10-06T16:05:07Z,524,scheduled,16854
TERA_TRIP_0277,TRUCK_015,DRV_015,Salta,Mendoza,2025-10-17T16:52:07Z,2025-10-17T20:52:07Z,507,cancelled,15027
TERA_TRIP_0278,TRUCK_002,DRV_002,Tucumán,La Plata,2025-09-25T00:08:07Z,2025-09-25T21:08:07Z,1371,cancelled,20646
TERA_TRIP_0279,TRUCK_050,DRV_026,San Juan,Rosario,2025-10-06T00:32:07Z,2025-10-06T13:32:07Z,922,scheduled,5565
TERA_TRIP_0280,TRUCK_009,DRV_001,Salta,La Plata,2025-10-02T01:22:07Z,2025-10-03T00:22:07Z,1387,scheduled,9550
TERA_TRIP_0281,TRUCK_021,DRV_031,Buenos Aires,Salta,2025-10-09T18:05:07Z,2025-10-10T05:05:07Z,651,scheduled,12375
TERA_TRIP_0282,TRUCK_021,DRV_038,San Juan,Tucumán,2025-10-14T20:31:07Z,2025-10-15T09:31:07Z,598,scheduled,19979
TERA_TRIP_0283,TRUCK_042,DRV_020,Santa Fe,La Plata,2025-10-18T19:57:07Z,2025-10-19T13:57:07Z,879,in_progress,14707
TERA_TRIP_0284,TRUCK_003,DRV_008,Mar del Plata,Salta,2025-10-17T14:34:07Z,2025-10-17T23:34:07Z,1429,finished,23674
TERA_TRIP_0285,TRUCK_037,DRV_036,La Plata,Rosario,2025-10-04T06:20:07Z,2025-10-04T21:20:07Z,1387,scheduled,21047
TERA_TRIP_0286,TRUCK_015,DRV_007,Buenos Aires,Mendoza,2025-10-15T18:55:07Z,2025-10-16T18:55:07Z,313,in_progress,8552
TERA_TRIP_0287,TRUCK_035,DRV_008,Tucumán,Mendoza,2025-09-21T20:44:07Z,2025-09-22T16:44:07Z,1081,finished,12328
TERA_TRIP_0288,TRUCK_031,DRV_010,Tucumán,Buenos Aires,2025-09-28T09:25:07Z,2025-09-28T15:25:07Z,1198,finished,22974
TERA_TRIP_0289,TRUCK_023,DRV_006,Rosario,Tucumán,2025-10-16T04:48:07Z,2025-10-16T12:48:07Z,1442,finished,12230
TERA_TRIP_0290,TRUCK_040,DRV_001,Salta,Mendoza,2025-10-08T12:05:07Z,2025-10-09T12:05:07Z,195,finished,13961
TERA_TRIP_0291,TRUCK_032,DRV_016,Mar del Plata,Tucumán,2025-10-14T19:07:07Z,2025-10-15T16:07:07Z,955,cancelled,11055
TERA_TRIP_0292,TRUCK_016,DRV_050,Tucumán,Buenos Aires,2025-09-24T22:59:07Z,2025-09-25T12:59:07Z,1457,finished,22985
TERA_TRIP_0293,TRUCK_030,DRV_020,Santa Fe,Tucumán,2025-10-06T21:11:07Z,2025-10-07T18:11:07Z,519,cancelled,11263
TERA_TRIP_0294,TRUCK_014,DRV_046,Mendoza,Rosario,2025-10-06T11:33:07Z,2025-10-06T22:33:07Z,854,in_progress,14719
TERA_TRIP_0295,TRUCK_002,DRV_007,Tucumán,Salta,2025-10-15T22:36:07Z,2025-10-16T04:36:07Z,1296,in_progress,15690
TERA_TRIP_0296,TRUCK_015,DRV_035,Mar del Plata,Salta,2025-10-19T15:32:07Z,2025-10-19T17:32:07Z,649,in_progress,22893
TERA_TRIP_0297,TRUCK_041,DRV_019,Tucumán,Mar del Plata,2025-10-07T19:30:07Z,2025-10-08T11:30:07Z,330,scheduled,13152
TERA_TRIP_0298,TRUCK_013,DRV_043,Tucumán,Rosario,2025-09-22T21:40:07Z,2025-09-23T04:40:07Z,588,scheduled,11334
TERA_TRIP_0299,TRUCK_019,DRV_004,Córdoba,Tucumán,2025-10-04T16:06:07Z,2025-10-05T13:06:07Z,993,cancelled,18165
TERA_TRIP_0300,TRUCK_015,DRV_048,Rosario,Santa Fe,2025-09-24T19:44:07Z,2025-09-24T23:44:07Z,1077,finished,21160
TERA_TRIP_0301,TRUCK_028,DRV_017,Córdoba,Buenos Aires,2025-09-28T21:49:07Z,2025-09-29T03:49:07Z,1299,scheduled,5974
TERA_TRIP_0302,TRUCK_033,DRV_038,San Juan,Santa Fe,2025-09-20T21:32:07Z,2025-09-21T13:32:07Z,1068,scheduled,17314
TERA_TRIP_0303,TRUCK_015,DRV_001,Salta,Córdoba,2025-09-20T20:24:07Z,2025-09-21T14:24:07Z,140,scheduled,6369
TERA_TRIP_0304,TRUCK_018,DRV_011,Mendoza,Tucumán,2025-10-03T02:09:07Z,2025-10-03T22:09:07Z,1174,finished,17691
TERA_TRIP_0305,TRUCK_036,DRV_039,Buenos Aires,San Juan,2025-10-15T10:53:07Z,2025-10-16T01:53:07Z,1381,cancelled,14834
TERA_TRIP_0306,TRUCK_043,DRV_019,Salta,Buenos Aires,2025-09-29T22:00:07Z,2025-09-30T07:00:07Z,1391,finished,15438
TERA_TRIP_0307,TRUCK_049,DRV_033,Rosario,San Juan,2025-10-18T13:27:07Z,2025-10-19T10:27:07Z,483,finished,5044
TERA_TRIP_0308,TRUCK_017,DRV_053,San Juan,Salta,2025-09-29T09:43:07Z,2025-09-29T11:43:07Z,564,in_progress,24157
TERA_TRIP_0309,TRUCK_047,DRV_012,Buenos Aires,San Juan,2025-10-05T03:46:07Z,2025-10-06T00:46:07Z,793,in_progress,17978
TERA_TRIP_0310,TRUCK_008,DRV_043,Tucumán,Mar del Plata,2025-10-12T06:39:07Z,2025-10-13T03:39:07Z,995,finished,17906
TERA_TRIP_0311,TRUCK_007,DRV_034,Salta,Córdoba,2025-10-01T00:17:07Z,2025-10-01T23:17:07Z,184,finished,14156
TERA_TRIP_0312,TRUCK_016,DRV_055,Santa Fe,Buenos Aires,2025-09-22T03:38:07Z,2025-09-22T06:38:07Z,451,in_progress,19947
TERA_TRIP_0313,TRUCK_040,DRV_041,San Juan,Rosario,2025-10-18T15:59:07Z,2025-10-19T03:59:07Z,814,in_progress,8150
TERA_TRIP_0314,TRUCK_025,DRV_030,Santa Fe,Córdoba,2025-10-09T18:54:07Z,2025-10-10T02:54:07Z,788,cancelled,13850
TERA_TRIP_0315,TRUCK_039,DRV_043,Buenos Aires,Salta,2025-09-22T01:34:07Z,2025-09-23T00:34:07Z,204,finished,12508
TERA_TRIP_0316,TRUCK_041,DRV_051,La Plata,Mar del Plata,2025-09-25T17:52:07Z,2025-09-26T02:52:07Z,488,in_progress,20317
TERA_TRIP_0317,TRUCK_019,DRV_030,Rosario,Córdoba,2025-09-22T23:37:07Z,2025-09-23T13:37:07Z,508,cancelled,19195
TERA_TRIP_0318,TRUCK_012,DRV_048,La Plata,Salta,2025-10-02T01:37:07Z,2025-10-02T23:37:07Z,744,in_progress,14819
TERA_TRIP_0319,TRUCK_042,DRV_039,Buenos Aires,Rosario,2025-09-27T03:29:07Z,2025-09-27T21:29:07Z,724,finished,7695
TERA_TRIP_0320,TRUCK_006,DRV_057,Rosario,San Juan,2025-10-12T12:25:07Z,2025-10-12T17:25:07Z,674,scheduled,10787
TERA_TRIP_0321,TRUCK_018,DRV_016,Tucumán,Rosario,2025-10-05T15:05:07Z,2025-10-06T15:05:07Z,149,in_progress,14342
TERA_TRIP_0322,TRUCK_038,DRV_022,Salta,Buenos Aires,2025-09-27T14:39:07Z,2025-09-27T16:39:07Z,136,scheduled,8062
TERA_TRIP_0323,TRUCK_031,DRV_058,Tucumán,Rosario,2025-10-20T06:25:07Z,2025-10-21T03:25:07Z,1489,in_progress,22703
TERA_TRIP_0324,TRUCK_046,DRV_016,Santa Fe,Mar del Plata,2025-10-07T16:33:07Z,2025-10-07T19:33:07Z,1171,cancelled,8637
TERA_TRIP_0325,TRUCK_023,DRV_006,San Juan,Córdoba,2025-10-05T01:47:07Z,2025-10-05T18:47:07Z,1193,finished,23399
TERA_TRIP_0326,TRUCK_001,DRV_002,Santa Fe,Mar del Plata,2025-10-07T17:27:07Z,2025-10-08T11:27:07Z,1447,finished,23699
TERA_TRIP_0327,TRUCK_045,DRV_036,Córdoba,San Juan,2025-10-19T16:39:07Z,2025-10-20T06:39:07Z,707,finished,14071
TERA_TRIP_0328,TRUCK_046,DRV_039,San Juan,Mar del Plata,2025-10-20T19:46:07Z,2025-10-21T00:46:07Z,782,cancelled,5118
TERA_TRIP_0329,TRUCK_042,DRV_038,Santa Fe,Mendoza,2025-10-05T21:39:07Z,2025-10-06T06:39:07Z,357,scheduled,12891
TERA_TRIP_0330,TRUCK_044,DRV_026,La Plata,Mar del Plata,2025-09-26T07:36:07Z,2025-09-27T07:36:07Z,1025,cancelled,14038
TERA_TRIP_0331,TRUCK_022,DRV_012,San Juan,Rosario,2025-10-08T12:07:07Z,2025-10-08T16:07:07Z,166,finished,20558
TERA_TRIP_0332,TRUCK_046,DRV_030,Mar del Plata,Rosario,2025-09-26T07:09:07Z,2025-09-26T16:09:07Z,186,scheduled,18899
TERA_TRIP_0333,TRUCK_031,DRV_021,Rosario,Córdoba,2025-09-23T17:17:07Z,2025-09-23T20:17:07Z,755,scheduled,13058
TERA_TRIP_0334,TRUCK_049,DRV_002,Tucumán,La Plata,2025-10-07T17:59:07Z,2025-10-08T12:59:07Z,810,in_progress,15629
TERA_TRIP_0335,TRUCK_036,DRV_041,Salta,Rosario,2025-09-25T22:10:07Z,2025-09-26T21:10:07Z,1128,scheduled,5230
TERA_TRIP_0336,TRUCK_037,DRV_012,Tucumán,Mar del Plata,2025-09-28T23:39:07Z,2025-09-29T20:39:07Z,357,finished,11007
TERA_TRIP_0337,TRUCK_038,DRV_003,Córdoba,San Juan,2025-09-25T00:43:07Z,2025-09-25T17:43:07Z,1479,finished,19649
TERA_TRIP_0338,TRUCK_025,DRV_036,Buenos Aires,Mendoza,2025-10-01T11:00:07Z,2025-10-01T23:00:07Z,1298,finished,6757
TERA_TRIP_0339,TRUCK_024,DRV_057,Salta,Tucumán,2025-10-20T03:16:07Z,2025-10-20T08:16:07Z,1278,cancelled,9894
TERA_TRIP_0340,TRUCK_002,DRV_025,Córdoba,Santa Fe,2025-10-06T06:01:07Z,2025-10-06T13:01:07Z,1161,scheduled,20187
TERA_TRIP_0341,TRUCK_019,DRV_036,Córdoba,Mendoza,2025-10-19T03:45:07Z,2025-10-19T06:45:07Z,498,cancelled,7861
TERA_TRIP_0342,TRUCK_030,DRV_008,Salta,Córdoba,2025-10-18T14:21:07Z,2025-10-18T19:21:07Z,914,in_progress,7676
TERA_TRIP_0343,TRUCK_023,DRV_010,San Juan,Córdoba,2025-10-21T05:44:07Z,2025-10-22T02:44:07Z,1468,scheduled,12464
TERA_TRIP_0344,TRUCK_009,DRV_011,Mar del Plata,Rosario,2025-10-02T20:44:07Z,2025-10-03T11:44:07Z,709,finished,22931
TERA_TRIP_0345,TRUCK_024,DRV_023,La Plata,Rosario,2025-10-17T04:37:07Z,2025-10-17T21:37:07Z,819,in_progress,9110
TERA_TRIP_0346,TRUCK_032,DRV_023,Tucumán,Córdoba,2025-09-26T08:04:07Z,2025-09-27T04:04:07Z,429,cancelled,23500
TERA_TRIP_0347,TRUCK_041,DRV_042,Rosario,Santa Fe,2025-10-19T02:39:07Z,2025-10-19T17:39:07Z,599,scheduled,23265
TERA_TRIP_0348,TRUCK_030,DRV_038,Mendoza,Buenos Aires,2025-10-18T14:17:07Z,2025-10-18T19:17:07Z,1159,scheduled,13337
TERA_TRIP_0349,TRUCK_043,DRV_048,Rosario,Santa Fe,2025-09-21T22:53:07Z,2025-09-22T21:53:07Z,1062,finished,7584
TERA_TRIP_0350,TRUCK_037,DRV_028,Tucumán,Rosario,2025-10-11T20:37:07Z,2025-10-12T15:37:07Z,245,scheduled,8364
TERA_TRIP_0351,TRUCK_035,DRV_032,Santa Fe,Mendoza,2025-10-08T21:11:07Z,2025-10-09T06:11:07Z,950,cancelled,17706
TERA_TRIP_0352,TRUCK_049,DRV_058,Rosario,Salta,2025-10-07T06:36:07Z,2025-10-07T16:36:07Z,1050,in_progress,11766
TERA_TRIP_0353,TRUCK_026,DRV_031,Salta,Santa Fe,2025-10-17T05:35:07Z,2025-10-17T16:35:07Z,1036,in_progress,22064
TERA_TRIP_0354,TRUCK_028,DRV_038,Buenos Aires,Mendoza,2025-10-01T16:53:07Z,2025-10-02T02:53:07Z,811,in_progress,5319
TERA_TRIP_0355,TRUCK_019,DRV_002,Rosario,Tucumán,2025-09-25T16:02:07Z,2025-09-26T06:02:07Z,474,cancelled,5710
TERA_TRIP_0356,TRUCK_046,DRV_022,Córdoba,San Juan,2025-10-16T12:45:07Z,2025-10-16T14:45:07Z,1447,cancelled,20372
TERA_TRIP_0357,TRUCK_050,DRV_003,Buenos Aires,Rosario,2025-10-08T19:22:07Z,2025-10-08T23:22:07Z,174,in_progress,17826
TERA_TRIP_0358,TRUCK_031,DRV_057,Mar del Plata,Santa Fe,2025-10-03T20:33:07Z,2025-10-04T05:33:07Z,1447,scheduled,10284
TERA_TRIP_0359,TRUCK_036,DRV_041,San Juan,Córdoba,2025-10-12T16:22:07Z,2025-10-13T02:22:07Z,598,finished,16144
TERA_TRIP_0360,TRUCK_003,DRV_008,Córdoba,Tucumán,2025-09-25T18:01:07Z,2025-09-26T11:01:07Z,670,scheduled,11820
TERA_TRIP_0361,TRUCK_033,DRV_043,Córdoba,Buenos Aires,2025-10-08T15:09:07Z,2025-10-09T14:09:07Z,677,scheduled,18022
TERA_TRIP_0362,TRUCK_037,DRV_056,San Juan,Rosario,2025-10-01T04:59:07Z,2025-10-01T08:59:07Z,885,in_progress,9557
TERA_TRIP_0363,TRUCK_046,DRV_015,Rosario,La Plata,2025-10-11T12:43:07Z,2025-10-12T03:43:07Z,335,cancelled,14103
TERA_TRIP_0364,TRUCK_045,DRV_005,Salta,La Plata,2025-10-01T18:48:07Z,2025-10-01T22:48:07Z,1390,scheduled,21063
TERA_TRIP_0365,TRUCK_010,DRV_033,Rosario,Mar del Plata,2025-10-05T22:17:07Z,2025-10-06T01:17:07Z,262,scheduled,12156
TERA_TRIP_0366,TRUCK_021,DRV_008,Salta,Córdoba,2025-10-01T21:50:07Z,2025-10-02T02:50:07Z,1114,cancelled,19635
TERA_TRIP_0367,TRUCK_002,DRV_016,Buenos Aires,Tucumán,2025-10-20T06:37:07Z,2025-10-20T21:37:07Z,1372,cancelled,10210
TERA_TRIP_0368,TRUCK_021,DRV_002,Buenos Aires,Córdoba,2025-10-05T03:41:07Z,2025-10-05T21:41:07Z,799,scheduled,12162
TERA_TRIP_0369,TRUCK_014,DRV_022,Mendoza,Mar del Plata,2025-10-11T13:10:07Z,2025-10-12T03:10:07Z,1312,finished,18278
TERA_TRIP_0370,TRUCK_018,DRV_018,San Juan,Mendoza,2025-10-09T07:37:07Z,2025-10-09T17:37:07Z,1030,finished,8592
TERA_TRIP_0371,TRUCK_038,DRV_008,Córdoba,Mendoza,2025-10-04T00:31:07Z,2025-10-04T14:31:07Z,133,finished,16098
TERA_TRIP_0372,TRUCK_027,DRV_014,Mar del Plata,Rosario,2025-09-24T01:15:07Z,2025-09-24T22:15:07Z,1020,finished,8710
TERA_TRIP_0373,TRUCK_040,DRV_038,Córdoba,Buenos Aires,2025-10-19T19:57:07Z,2025-10-20T18:57:07Z,1165,finished,21267
TERA_TRIP_0374,TRUCK_034,DRV_060,Córdoba,San Juan,2025-09-29T10:58:07Z,2025-09-29T13:58:07Z,1318,scheduled,7668
TERA_TRIP_0375,TRUCK_040,DRV_016,Salta,Mendoza,2025-10-16T05:29:07Z,2025-10-16T22:29:07Z,154,scheduled,21122
TERA_TRIP_0376,TRUCK_028,DRV_039,Córdoba,Tucumán,2025-10-20T05:54:07Z,2025-10-20T14:54:07Z,1107,finished,6663
TERA_TRIP_0377,TRUCK_038,DRV_004,Santa Fe,Córdoba,2025-09-22T08:10:07Z,2025-09-23T04:10:07Z,758,scheduled,15241
TERA_TRIP_0378,TRUCK_030,DRV_054,Córdoba,Mar del Plata,2025-09-21T03:22:07Z,2025-09-21T16:22:07Z,969,in_progress,22999
TERA_TRIP_0379,TRUCK_023,DRV_020,Mar del Plata,Buenos Aires,2025-09-29T22:53:07Z,2025-09-30T00:53:07Z,1324,finished,14585
TERA_TRIP_0380,TRUCK_001,DRV_025,Mar del Plata,Mendoza,2025-09-21T22:28:07Z,2025-09-22T16:28:07Z,517,cancelled,7620
TERA_TRIP_0381,TRUCK_040,DRV_032,Córdoba,La Plata,2025-10-12T00:32:07Z,2025-10-12T12:32:07Z,888,scheduled,19778
TERA_TRIP_0382,TRUCK_008,DRV_032,La Plata,Santa Fe,2025-09-24T05:43:07Z,2025-09-25T01:43:07Z,413,finished,9812
TERA_TRIP_0383,TRUCK_030,DRV_060,La Plata,Mendoza,2025-10-09T20:46:07Z,2025-10-10T01:46:07Z,1065,in_progress,24102
TERA_TRIP_0384,TRUCK_015,DRV_011,Buenos Aires,Mendoza,2025-10-14T20:31:07Z,2025-10-15T04:31:07Z,656,cancelled,11239
TERA_TRIP_0385,TRUCK_021,DRV_060,Córdoba,Tucumán,2025-10-19T00:06:07Z,2025-10-19T03:06:07Z,571,cancelled,5438
TERA_TRIP_0386,TRUCK_046,DRV_009,Rosario,La Plata,2025-10-18T22:49:07Z,2025-10-19T03:49:07Z,250,scheduled,16154
TERA_TRIP_0387,TRUCK_040,DRV_057,Santa Fe,Salta,2025-10-06T01:58:07Z,2025-10-06T19:58:07Z,1076,scheduled,17797
TERA_TRIP_0388,TRUCK_030,DRV_019,Rosario,Mar del Plata,2025-10-18T00:35:07Z,2025-10-18T13:35:07Z,307,cancelled,18526
TERA_TRIP_0389,TRUCK_049,DRV_020,Rosario,Mendoza,2025-09-23T04:28:07Z,2025-09-23T08:28:07Z,769,cancelled,17132
TERA_TRIP_0390,TRUCK_027,DRV_047,Córdoba,Rosario,2025-10-02T16:46:07Z,2025-10-03T14:46:07Z,812,cancelled,17611
TERA_TRIP_0391,TRUCK_001,DRV_022,Mendoza,Tucumán,2025-10-15T03:03:07Z,2025-10-15T19:03:07Z,1449,cancelled,22195
TERA_TRIP_0392,TRUCK_050,DRV_014,Córdoba,La Plata,2025-09-25T07:51:07Z,2025-09-25T09:51:07Z,1305,in_progress,13046
TERA_TRIP_0393,TRUCK_019,DRV_055,Salta,Tucumán,2025-09-25T09:27:07Z,2025-09-25T21:27:07Z,664,in_progress,11026
TERA_TRIP_0394,TRUCK_044,DRV_006,San Juan,Salta,2025-10-21T04:16:07Z,2025-10-22T01:16:07Z,1295,cancelled,18021
TERA_TRIP_0395,TRUCK_013,DRV_047,Córdoba,Buenos Aires,2025-09-22T01:33:07Z,2025-09-22T05:33:07Z,285,finished,19869
TERA_TRIP_0396,TRUCK_031,DRV_015,Santa Fe,Buenos Aires,2025-10-10T23:36:07Z,2025-10-11T04:36:07Z,1241,scheduled,14464
TERA_TRIP_0397,TRUCK_029,DRV_057,Tucumán,Salta,2025-09-24T22:39:07Z,2025-09-25T04:39:07Z,1202,cancelled,13951
TERA_TRIP_0398,TRUCK_029,DRV_051,Buenos Aires,Salta,2025-10-05T05:12:07Z,2025-10-05T15:12:07Z,331,in_progress,11706
TERA_TRIP_0399,TRUCK_037,DRV_011,Mar del Plata,Santa Fe,2025-10-05T02:11:07Z,2025-10-05T05:11:07Z,1272,scheduled,13609
TERA_TRIP_0400,TRUCK_019,DRV_004,Córdoba,San Juan,2025-10-03T15:20:07Z,2025-10-04T01:20:07Z,891,scheduled,17932
TERA_TRIP_0401,TRUCK_026,DRV_023,Salta,La Plata,2025-10-03T05:00:07Z,2025-10-04T00:00:07Z,969,cancelled,15460
TERA_TRIP_0402,TRUCK_050,DRV_055,Mendoza,Santa Fe,2025-10-07T18:21:07Z,2025-10-08T03:21:07Z,1375,in_progress,23516
TERA_TRIP_0403,TRUCK_020,DRV_002,Salta,Buenos Aires,2025-09-25T21:50:07Z,2025-09-26T10:50:07Z,1064,finished,23074
TERA_TRIP_0404,TRUCK_012,DRV_051,Córdoba,La Plata,2025-09-23T20:04:07Z,2025-09-24T03:04:07Z,1421,cancelled,9707
TERA_TRIP_0405,TRUCK_038,DRV_047,Santa Fe,Rosario,2025-10-11T13:51:07Z,2025-10-12T11:51:07Z,824,cancelled,20849
TERA_TRIP_0406,TRUCK_027,DRV_055,Tucumán,Santa Fe,2025-10-06T01:53:07Z,2025-10-06T12:53:07Z,1452,scheduled,20682
TERA_TRIP_0407,TRUCK_040,DRV_057,La Plata,Santa Fe,2025-10-09T21:07:07Z,2025-10-10T09:07:07Z,1221,finished,7632
TERA_TRIP_0408,TRUCK_037,DRV_052,Salta,Santa Fe,2025-09-28T11:19:07Z,2025-09-29T00:19:07Z,640,scheduled,7726
TERA_TRIP_0409,TRUCK_003,DRV_004,Córdoba,Santa Fe,2025-10-13T11:34:07Z,2025-10-14T02:34:07Z,392,scheduled,22662
TERA_TRIP_0410,TRUCK_040,DRV_052,Mendoza,Buenos Aires,2025-10-11T23:11:07Z,2025-10-12T06:11:07Z,244,in_progress,21023
TERA_TRIP_0411,TRUCK_008,DRV_052,Santa Fe,Rosario,2025-09-28T12:41:07Z,2025-09-29T09:41:07Z,1239,finished,11665
TERA_TRIP_0412,TRUCK_033,DRV_052,La Plata,Salta,2025-10-01T17:53:07Z,2025-10-02T06:53:07Z,1493,in_progress,10176
TERA_TRIP_0413,TRUCK_049,DRV_031,Santa Fe,Mar del Plata,2025-09-22T11:34:07Z,2025-09-22T16:34:07Z,906,cancelled,18098
TERA_TRIP_0414,TRUCK_025,DRV_040,La Plata,San Juan,2025-10-06T14:40:07Z,2025-10-07T08:40:07Z,1156,in_progress,24373
TERA_TRIP_0415,TRUCK_050,DRV_043,La Plata,San Juan,2025-10-18T12:58:07Z,2025-10-19T09:58:07Z,718,cancelled,15267
TERA_TRIP_0416,TRUCK_033,DRV_057,La Plata,San Juan,2025-09-26T21:30:07Z,2025-09-27T10:30:07Z,880,scheduled,16121
TERA_TRIP_0417,TRUCK_031,DRV_042,Santa Fe,Córdoba,2025-09-23T18:21:07Z,2025-09-24T03:21:07Z,1206,finished,18065
TERA_TRIP_0418,TRUCK_024,DRV_011,Buenos Aires,Mar del Plata,2025-09-30T17:30:07Z,2025-10-01T14:30:07Z,927,scheduled,19241
TERA_TRIP_0419,TRUCK_029,DRV_017,Salta,Mendoza,2025-10-15T18:06:07Z,2025-10-15T20:06:07Z,367,finished,17930
TERA_TRIP_0420,TRUCK_010,DRV_032,La Plata,Mar del Plata,2025-10-03T23:51:07Z,2025-10-04T19:51:07Z,783,in_progress,8559
TERA_TRIP_0421,TRUCK_040,DRV_059,Mar del Plata,Rosario,2025-10-18T04:15:07Z,2025-10-19T01:15:07Z,1148,finished,23310
TERA_TRIP_0422,TRUCK_028,DRV_055,Salta,Rosario,2025-10-02T13:45:07Z,2025-10-02T20:45:07Z,964,scheduled,17991
TERA_TRIP_0423,TRUCK_024,DRV_054,Salta,La Plata,2025-10-20T09:48:07Z,2025-10-20T21:48:07Z,1220,cancelled,8698
TERA_TRIP_0424,TRUCK_003,DRV_057,La Plata,Córdoba,2025-09-30T22:18:07Z,2025-10-01T11:18:07Z,1124,scheduled,19139
TERA_TRIP_0425,TRUCK_047,DRV_031,San Juan,Mar del Plata,2025-09-28T12:45:07Z,2025-09-28T15:45:07Z,1165,cancelled,18260
TERA_TRIP_0426,TRUCK_034,DRV_041,San Juan,Córdoba,2025-09-26T03:29:07Z,2025-09-26T09:29:07Z,817,in_progress,17554
TERA_TRIP_0427,TRUCK_002,DRV_040,San Juan,Rosario,2025-10-21T00:22:07Z,2025-10-21T02:22:07Z,542,cancelled,24118
TERA_TRIP_0428,TRUCK_044,DRV_020,Buenos Aires,Mendoza,2025-09-23T12:22:07Z,2025-09-24T12:22:07Z,1203,cancelled,7205
TERA_TRIP_0429,TRUCK_022,DRV_023,Mar del Plata,Rosario,2025-09-24T06:13:07Z,2025-09-24T15:13:07Z,1366,in_progress,19695
TERA_TRIP_0430,TRUCK_021,DRV_038,Tucumán,Mendoza,2025-09-22T13:21:07Z,2025-09-23T07:21:07Z,260,in_progress,21398
TERA_TRIP_0431,TRUCK_050,DRV_038,Tucumán,San Juan,2025-09-27T21:23:07Z,2025-09-28T18:23:07Z,1188,scheduled,19345
TERA_TRIP_0432,TRUCK_046,DRV_008,Santa Fe,Rosario,2025-09-21T10:03:07Z,2025-09-21T19:03:07Z,205,finished,22793
TERA_TRIP_0433,TRUCK_004,DRV_030,Mar del Plata,San Juan,2025-09-22T19:14:07Z,2025-09-22T23:14:07Z,375,in_progress,13273
TERA_TRIP_0434,TRUCK_006,DRV_019,Rosario,Santa Fe,2025-09-25T11:25:07Z,2025-09-26T04:25:07Z,184,cancelled,5480
TERA_TRIP_0435,TRUCK_041,DRV_055,San Juan,Salta,2025-10-06T20:24:07Z,2025-10-06T22:24:07Z,736,scheduled,24120
TERA_TRIP_0436,TRUCK_042,DRV_020,Rosario,Tucumán,2025-10-19T10:59:07Z,2025-10-19T15:59:07Z,1154,scheduled,16206
TERA_TRIP_0437,TRUCK_006,DRV_023,Tucumán,Córdoba,2025-09-21T03:24:07Z,2025-09-21T11:24:07Z,354,finished,5731
TERA_TRIP_0438,TRUCK_045,DRV_024,Rosario,Buenos Aires,2025-09-24T18:00:07Z,2025-09-25T04:00:07Z,639,finished,16601
TERA_TRIP_0439,TRUCK_007,DRV_055,Mendoza,Buenos Aires,2025-10-12T13:11:07Z,2025-10-13T01:11:07Z,736,scheduled,7008
TERA_TRIP_0440,TRUCK_049,DRV_053,Buenos Aires,Córdoba,2025-10-18T07:22:07Z,2025-10-18T12:22:07Z,183,scheduled,16458
TERA_TRIP_0441,TRUCK_001,DRV_058,Buenos Aires,Rosario,2025-10-07T08:48:07Z,2025-10-07T13:48:07Z,1225,cancelled,23210
TERA_TRIP_0442,TRUCK_027,DRV_052,Córdoba,La Plata,2025-10-18T12:06:07Z,2025-10-18T16:06:07Z,1096,scheduled,9520
TERA_TRIP_0443,TRUCK_008,DRV_057,San Juan,Córdoba,2025-09-28T12:25:07Z,2025-09-29T06:25:07Z,891,scheduled,10971
TERA_TRIP_0444,TRUCK_027,DRV_041,Buenos Aires,Mendoza,2025-10-20T22:05:07Z,2025-10-21T19:05:07Z,678,scheduled,13662
TERA_TRIP_0445,TRUCK_030,DRV_009,La Plata,Córdoba,2025-10-15T15:33:07Z,2025-10-16T09:33:07Z,863,cancelled,10391
TERA_TRIP_0446,TRUCK_005,DRV_058,Buenos Aires,Santa Fe,2025-10-21T06:55:07Z,2025-10-21T10:55:07Z,1494,cancelled,7069
TERA_TRIP_0447,TRUCK_004,DRV_056,La Plata,Buenos Aires,2025-10-11T09:35:07Z,2025-10-12T05:35:07Z,1454,cancelled,7797
TERA_TRIP_0448,TRUCK_008,DRV_051,Santa Fe,San Juan,2025-10-17T17:38:07Z,2025-10-17T19:38:07Z,726,scheduled,6659
TERA_TRIP_0449,TRUCK_018,DRV_047,Córdoba,Salta,2025-10-10T04:28:07Z,2025-10-10T15:28:07Z,331,in_progress,12488
TERA_TRIP_0450,TRUCK_034,DRV_032,Salta,Rosario,2025-09-30T02:09:07Z,2025-09-30T21:09:07Z,279,in_progress,8391
TERA_TRIP_0451,TRUCK_022,DRV_033,La Plata,Rosario,2025-10-16T10:36:07Z,2025-10-16T15:36:07Z,529,in_progress,6409
TERA_TRIP_0452,TRUCK_008,DRV_003,Córdoba,Mar del Plata,2025-10-02T20:34:07Z,2025-10-03T01:34:07Z,380,cancelled,21391
TERA_TRIP_0453,TRUCK_039,DRV_015,San Juan,Tucumán,2025-10-17T05:51:07Z,2025-10-17T10:51:07Z,1444,finished,11279
TERA_TRIP_0454,TRUCK_025,DRV_040,Santa Fe,San Juan,2025-10-14T01:07:07Z,2025-10-14T16:07:07Z,171,finished,5282
TERA_TRIP_0455,TRUCK_041,DRV_003,Córdoba,Rosario,2025-09-24T11:48:07Z,2025-09-24T23:48:07Z,336,scheduled,12726
TERA_TRIP_0456,TRUCK_024,DRV_047,San Juan,Buenos Aires,2025-10-07T16:46:07Z,2025-10-07T22:46:07Z,1224,in_progress,23095
TERA_TRIP_0457,TRUCK_038,DRV_020,Mendoza,La Plata,2025-10-11T09:22:07Z,2025-10-11T22:22:07Z,404,in_progress,14105
TERA_TRIP_0458,TRUCK_026,DRV_020,Mar del Plata,Mendoza,2025-10-06T22:32:07Z,2025-10-07T10:32:07Z,339,cancelled,23133
TERA_TRIP_0459,TRUCK_024,DRV_023,La Plata,Mendoza,2025-10-09T10:38:07Z,2025-10-09T20:38:07Z,1078,cancelled,6900
TERA_TRIP_0460,TRUCK_004,DRV_014,Mar del Plata,San Juan,2025-10-02T17:37:07Z,2025-10-03T06:37:07Z,1179,scheduled,13497
TERA_TRIP_0461,TRUCK_039,DRV_018,Mar del Plata,La Plata,2025-10-18T23:53:07Z,2025-10-19T22:53:07Z,540,scheduled,22833
TERA_TRIP_0462,TRUCK_042,DRV_026,San Juan,Mar del Plata,2025-10-03T09:32:07Z,2025-10-03T14:32:07Z,881,scheduled,20753
TERA_TRIP_0463,TRUCK_015,DRV_014,Mar del Plata,Buenos Aires,2025-09-29T10:49:07Z,2025-09-29T21:49:07Z,431,cancelled,14708
TERA_TRIP_0464,TRUCK_019,DRV_031,San Juan,Rosario,2025-09-21T01:29:07Z,2025-09-22T00:29:07Z,351,scheduled,18931
TERA_TRIP_0465,TRUCK_010,DRV_042,Rosario,Santa Fe,2025-09-26T02:13:07Z,2025-09-27T01:13:07Z,526,cancelled,5796
TERA_TRIP_0466,TRUCK_021,DRV_038,Salta,La Plata,2025-09-21T04:53:07Z,2025-09-21T23:53:07Z,1169,cancelled,5549
TERA_TRIP_0467,TRUCK_003,DRV_027,Buenos Aires,Rosario,2025-09-29T03:20:07Z,2025-09-29T08:20:07Z,769,in_progress,11482
TERA_TRIP_0468,TRUCK_034,DRV_045,Mar del Plata,Salta,2025-09-23T05:39:07Z,2025-09-23T18:39:07Z,207,scheduled,11705
TERA_TRIP_0469,TRUCK_002,DRV_010,Buenos Aires,Mar del Plata,2025-09-30T17:56:07Z,2025-10-01T05:56:07Z,1042,in_progress,21607
TERA_TRIP_0470,TRUCK_031,DRV_025,La Plata,Salta,2025-10-09T17:49:07Z,2025-10-10T14:49:07Z,1181,cancelled,22214
TERA_TRIP_0471,TRUCK_023,DRV_027,Córdoba,Buenos Aires,2025-10-12T14:00:07Z,2025-10-12T22:00:07Z,324,cancelled,20337
TERA_TRIP_0472,TRUCK_018,DRV_049,Rosario,Salta,2025-10-13T08:46:07Z,2025-10-14T05:46:07Z,1014,cancelled,16555
TERA_TRIP_0473,TRUCK_005,DRV_026,San Juan,Mar del Plata,2025-10-14T00:24:07Z,2025-10-14T11:24:07Z,279,scheduled,10975
TERA_TRIP_0474,TRUCK_043,DRV_021,Mendoza,Córdoba,2025-10-05T04:08:07Z,2025-10-05T13:08:07Z,241,cancelled,13355
TERA_TRIP_0475,TRUCK_042,DRV_044,Santa Fe,Mar del Plata,2025-09-30T17:23:07Z,2025-09-30T21:23:07Z,1295,in_progress,8907
TERA_TRIP_0476,TRUCK_015,DRV_043,Santa Fe,Córdoba,2025-09-21T12:00:07Z,2025-09-22T07:00:07Z,1236,finished,6220
TERA_TRIP_0477,TRUCK_007,DRV_053,Rosario,Mar del Plata,2025-09-21T10:50:07Z,2025-09-21T22:50:07Z,1404,cancelled,18702
TERA_TRIP_0478,TRUCK_025,DRV_047,Santa Fe,Rosario,2025-10-03T05:57:07Z,2025-10-04T03:57:07Z,1096,scheduled,11634
TERA_TRIP_0479,TRUCK_017,DRV_047,Santa Fe,Mar del Plata,2025-10-15T10:11:07Z,2025-10-15T19:11:07Z,609,cancelled,7695
TERA_TRIP_0480,TRUCK_022,DRV_034,Rosario,Córdoba,2025-09-28T01:02:07Z,2025-09-28T06:02:07Z,1359,scheduled,20233
TERA_TRIP_0481,TRUCK_025,DRV_023,San Juan,La Plata,2025-10-05T01:18:07Z,2025-10-05T14:18:07Z,186,finished,14212
TERA_TRIP_0482,TRUCK_044,DRV_036,Santa Fe,Rosario,2025-09-30T03:14:07Z,2025-09-30T09:14:07Z,1219,finished,24948
TERA_TRIP_0483,TRUCK_025,DRV_058,Buenos Aires,Santa Fe,2025-10-12T19:33:07Z,2025-10-12T21:33:07Z,111,in_progress,17674
TERA_TRIP_0484,TRUCK_028,DRV_045,Santa Fe,Córdoba,2025-10-15T22:14:07Z,2025-10-16T00:14:07Z,1408,in_progress,23130
TERA_TRIP_0485,TRUCK_027,DRV_021,La Plata,Santa Fe,2025-10-06T08:15:07Z,2025-10-07T02:15:07Z,946,in_progress,21509
TERA_TRIP_0486,TRUCK_018,DRV_014,La Plata,San Juan,2025-10-18T07:45:07Z,2025-10-18T10:45:07Z,936,scheduled,18101
TERA_TRIP_0487,TRUCK_009,DRV_044,Santa Fe,Tucumán,2025-09-29T11:26:07Z,2025-09-29T15:26:07Z,1382,scheduled,21937
TERA_TRIP_0488,TRUCK_020,DRV_019,Rosario,Santa Fe,2025-10-03T13:21:07Z,2025-10-04T00:21:07Z,515,finished,12962
TERA_TRIP_0489,TRUCK_025,DRV_051,Rosario,Buenos Aires,2025-10-06T15:32:07Z,2025-10-06T22:32:07Z,237,in_progress,23986
TERA_TRIP_0490,TRUCK_044,DRV_007,Tucumán,Córdoba,2025-09-25T03:16:07Z,2025-09-25T13:16:07Z,1031,finished,18653
TERA_TRIP_0491,TRUCK_029,DRV_060,Salta,San Juan,2025-10-11T01:49:07Z,2025-10-11T12:49:07Z,428,finished,18632
TERA_TRIP_0492,TRUCK_021,DRV_055,Mar del Plata,Salta,2025-10-15T06:17:07Z,2025-10-16T01:17:07Z,125,cancelled,19232
TERA_TRIP_0493,TRUCK_049,DRV_048,Buenos Aires,Salta,2025-09-28T04:03:07Z,2025-09-29T02:03:07Z,1248,scheduled,23297
TERA_TRIP_0494,TRUCK_002,DRV_055,Santa Fe,La Plata,2025-10-09T10:14:07Z,2025-10-09T18:14:07Z,1235,finished,14270
TERA_TRIP_0495,TRUCK_039,DRV_006,La Plata,Tucumán,2025-10-16T14:14:07Z,2025-10-16T22:14:07Z,987,finished,10705
TERA_TRIP_0496,TRUCK_029,DRV_052,Mar del Plata,Santa Fe,2025-09-21T16:57:07Z,2025-09-22T00:57:07Z,1155,in_progress,8109
TERA_TRIP_0497,TRUCK_039,DRV_024,Buenos Aires,Mendoza,2025-09-26T22:42:07Z,2025-09-27T07:42:07Z,1406,scheduled,11150
TERA_TRIP_0498,TRUCK_007,DRV_023,Mendoza,Córdoba,2025-10-01T02:43:07Z,2025-10-01T14:43:07Z,1495,scheduled,14727
TERA_TRIP_0499,TRUCK_015,DRV_004,Tucumán,San Juan,2025-10-18T00:56:07Z,2025-10-18T04:56:07Z,886,in_progress,24133
TERA_TRIP_0500,TRUCK_007,DRV_034,Tucumán,Rosario,2025-10-06T13:39:07Z,2025-10-07T09:39:07Z,1169,finished,7925
